-- ═══ Pareto: full database setup for a fresh Supabase project ═══
-- Run once in the SQL Editor. Includes schema (migrations 001-005),
-- the cmhc_loans table, and dummy Toronto seed data.

-- ─── migration 001_property_unit_tables.sql ───
-- Drop the old dummy table
DROP TABLE IF EXISTS dummy;

-- ─── Property table ──────────────────────────────────────────────────────────
CREATE TABLE property (
  id uuid PRIMARY KEY DEFAULT gen_random_uuid(),
  property_address text NOT NULL,
  property_type text,
  zoning text,
  municipality text,
  cadastre_reference text,
  year_built text,
  num_floors text,
  num_units_total text,
  unit_mix_description text,
  construction_frame text,
  foundation_type text,
  heating_type text,
  heating_fuel text,
  heating_num_units text,
  electrical_amperage text,
  electrical_panel_type text,
  electrical_network_type text,
  hot_water_tank_type text,
  hot_water_energy_source text,
  ac_type text,
  ac_num_units text,
  kitchen_cabinets text,
  kitchen_countertops text,
  kitchen_appliances text,
  amenity_central_vacuum text,
  amenity_fire_suppression text,
  amenity_intercoms text,
  amenity_elevator text,
  amenity_emergency_lighting text,
  amenity_exterior_lighting text,
  amenity_security_cameras text,
  amenity_other_common text,
  unit_balcony text,
  unit_washer_dryer_hookup text,
  unit_central_vacuum text,
  unit_ac text,
  unit_other_features text,
  parking_total_spaces text,
  parking_type text,
  parking_per_unit text,
  storage_lockers_num text,
  storage_lockers_type text,
  exterior_cladding text,
  roof_type text,
  window_type text,
  sqft_per_unit_habitable text,
  sqft_ground_floor text,
  sqft_upper_floors text,
  sqft_basement text,
  basement_finished_pct text,
  sqft_total_building text,
  lot_size_total text,
  lot_frontage text,
  lot_depth text,
  lot_configuration text,
  lot_topography text,
  lot_access text,
  municipal_services text,
  current_owner text,
  ownership_type text,
  permit_license_number text,
  construction_status text,
  appraised_value text,
  evaluation_date text,
  valuation_method text,
  value_per_unit text,
  value_per_sqft text,
  wall_finish text,
  ceiling_type text,
  flooring_living text,
  flooring_kitchen text,
  flooring_bathroom text,
  flooring_basement text,
  doors_exterior text,
  doors_interior text,
  bathrooms_per_unit text,
  bathroom_fixtures text,
  bathroom_vanity_finish text,
  bathroom_tub_shower_finish text,
  laundry_type text,
  laundry_location text,
  roof_material text,
  roof_remaining_life_yrs text,
  gutters_type text,
  cladding_condition text,
  windows_condition text,
  doors_condition text,
  fire_suppression_system text,
  fire_alarms text,
  sprinkler_system text,
  security_system text,
  security_cameras text,
  intercoms text,
  building_access_type text,
  building_code_compliance text,
  contamination_risk text,
  flood_risk text,
  soil_issues text,
  env_certifications text,
  structural_issues text,
  structural_issues_detail text,
  roof_issues text,
  roof_issues_detail text,
  plumbing_issues text,
  plumbing_issues_detail text,
  electrical_issues text,
  electrical_issues_detail text,
  hvac_issues text,
  hvac_issues_detail text,
  moisture_issues text,
  moisture_issues_detail text,
  other_maintenance_issues text,
  landscaping text,
  outdoor_amenities text,
  outdoor_utilities text,
  gross_potential_income_annual text,
  actual_rental_income_annual text,
  commercial_parking_revenue text,
  other_revenue text,
  total_revenue text,
  expense_property_taxes text,
  expense_school_taxes text,
  expense_insurance text,
  expense_utilities text,
  expense_maintenance text,
  expense_landscaping_snow text,
  expense_management text,
  expense_vacancy_bad_debt text,
  total_operating_expenses text,
  net_operating_income text,
  gross_rent_multiplier text,
  cap_rate text,
  debt_service_coverage_ratio text,
  operating_expense_ratio text,
  avg_rent_per_unit text,
  market_supply_demand text,
  market_price_trend text,
  avg_days_on_market text,
  num_comparables_used text,
  comparable_date_range text,
  comparable_price_range text,
  comparable_avg_price_per_unit text,
  major_renovations text,
  additions_modifications text,
  previous_sales text,
  easements text,
  restrictive_covenants text,
  servitudes text,
  special_assessments_pending text,
  special_assessment_amount text,
  reserve_fund_required text,
  reserve_fund_current text,
  reserve_fund_pct_funded text,
  deferred_maintenance_budget text,
  appraisal_notes text,
  source_file text,
  uploaded_at timestamptz DEFAULT now()
);

CREATE INDEX idx_property_address ON property (property_address);

-- ─── Unit table ──────────────────────────────────────────────────────────────
CREATE TABLE unit (
  id uuid PRIMARY KEY DEFAULT gen_random_uuid(),
  property_id uuid NOT NULL REFERENCES property(id) ON DELETE CASCADE,
  unit_number text,
  unit_type text,
  beds text,
  baths text,
  sqft bigint,
  lease_rate double precision,
  move_in text,
  move_out text,
  source_file text,
  uploaded_at timestamptz DEFAULT now()
);

CREATE INDEX idx_unit_property_id ON unit (property_id);

-- ─── migration 002_property_images.sql ───
-- ─── Property images table ───────────────────────────────────────────────────
CREATE TABLE property_image (
  id uuid PRIMARY KEY DEFAULT gen_random_uuid(),
  property_id uuid NOT NULL REFERENCES property(id) ON DELETE CASCADE,
  s3_key text NOT NULL,
  filename text,
  is_preview boolean DEFAULT false,
  uploaded_at timestamptz DEFAULT now()
);
CREATE INDEX idx_property_image_property_id ON property_image (property_id);

-- ─── migration 003_quebec_unit_support.sql ───
-- Add province to property for reliable Quebec detection
ALTER TABLE property ADD COLUMN IF NOT EXISTS province text;

-- Preserve the original Quebec designation when converting
ALTER TABLE unit ADD COLUMN IF NOT EXISTS unit_type_original text;

CREATE INDEX IF NOT EXISTS idx_property_province ON property (province);

-- ─── migration 004_market_research.sql ───
-- Add market research fields to property table
-- These are populated via Claude web search (auto on upload + backfill for existing)

ALTER TABLE property ADD COLUMN IF NOT EXISTS building_amenities text;
ALTER TABLE property ADD COLUMN IF NOT EXISTS utility_responsibility text;
ALTER TABLE property ADD COLUMN IF NOT EXISTS market_incentives text;
ALTER TABLE property ADD COLUMN IF NOT EXISTS market_research_at timestamptz;

-- ─── migration 005_unit_notes.sql ───
-- Add notes field to unit table for analyst annotations
ALTER TABLE unit ADD COLUMN IF NOT EXISTS notes text;

-- ─── cmhc_loans table (schema per backend/utils/cmhcDatabaseSchema.md) ───
CREATE TABLE cmhc_loans (
  id uuid PRIMARY KEY DEFAULT gen_random_uuid(),
  loan_number text UNIQUE, fn_loan_number text, loan_name text, address text, city text,
  province text, region text, asset_type text, year_built integer, funding_date date, units integer,
  gross_loan numeric, net_loan numeric, commercial_net_loan numeric, ltv_net numeric, ltv_gross numeric,
  residential_ks_value numeric, ks_value_per_unit numeric, cap_rate numeric, commercial_cap_rate numeric,
  noi numeric, noi_per_debt numeric, egi numeric, operating_expenses numeric, opex_ratio numeric,
  opex_per_unit numeric, dsc_net numeric, dsc_gross numeric, property_tax numeric, insurance numeric,
  utilities numeric, pt_per_unit numeric, insurance_per_unit numeric, utilities_per_unit numeric,
  bachelor_rent_market numeric, bachelor_rent_affordable numeric, bachelor_sqft_market numeric,
  bachelor_sqft_affordable numeric, bachelor_psf_market numeric, bachelor_psf_affordable numeric,
  bed1_rent_market numeric, bed1_rent_affordable numeric, bed1_sqft_market numeric, bed1_sqft_affordable numeric,
  bed1_psf_market numeric, bed1_psf_affordable numeric,
  bed2_rent_market numeric, bed2_rent_affordable numeric, bed2_sqft_market numeric, bed2_sqft_affordable numeric,
  bed2_psf_market numeric, bed2_psf_affordable numeric,
  bed3_rent_market numeric, bed3_rent_affordable numeric, bed3_sqft_market numeric, bed3_sqft_affordable numeric,
  bed3_psf_market numeric, bed3_psf_affordable numeric,
  bed4plus_rent_market numeric, bed4plus_rent_affordable numeric, bed4plus_sqft_market numeric,
  bed4plus_sqft_affordable numeric, bed4plus_psf_market numeric, bed4plus_psf_affordable numeric,
  townhouse_rent_market numeric, townhouse_rent_affordable numeric, townhouse_sqft numeric,
  townhouse_psf_market numeric, townhouse_psf_affordable numeric,
  commercial_area numeric, commercial_value numeric, commercial_value_per_area numeric, commercial_egi numeric,
  commercial_opex numeric, commercial_opex_ratio numeric, commercial_rent numeric, commercial_rate numeric,
  comments text, created_at timestamptz DEFAULT now()
);
CREATE INDEX idx_cmhc_loans_funding_date ON cmhc_loans (funding_date);

-- ─── dummy rent comparables (30 Toronto properties, 77 units) ───
-- Dummy Toronto rent comparables: 30 properties, 77 units
-- Remove later with: DELETE FROM property WHERE source_file = 'dummy-seed.sql';

INSERT INTO property (id, property_address, property_type, municipality, year_built, num_floors, num_units_total, avg_rent_per_unit, cap_rate, appraised_value, sqft_total_building, parking_total_spaces, heating_type, ac_type, amenity_elevator, province, appraisal_notes, source_file, uploaded_at) VALUES
('ab656f78-3a03-4be4-a0bf-fcae88f86e8a', '88 Erskine Ave, Toronto, ON M4P 1Y4', 'Low-Rise Apartment', 'Toronto', '1972', '3', '11', '2842', '4.93', '4169000', '7964', '7', 'Hydronic baseboard', 'Central', 'No', 'ON', 'Yonge-Eglinton rental comp', 'dummy-seed.sql', now() - interval '0 hours'),
('8c47874b-f605-4da2-9cb3-b590977a6c8a', '245 Carlaw Ave, Toronto, ON M4M 2S1', 'High-Rise Apartment', 'Toronto', '1958', '24', '239', '2370', '5.32', '77914000', '174948', '106', 'Electric baseboard', 'None', 'Yes', 'ON', 'Leslieville rental comp', 'dummy-seed.sql', now() - interval '1 hours'),
('abad1ac0-b989-497f-ace9-d75fde7acd63', '1055 Bay St, Toronto, ON M5S 3A3', 'High-Rise Apartment', 'Toronto', '1992', '18', '228', '2400', '3.89', '76836000', '186504', '204', 'Electric baseboard', 'Central', 'Yes', 'ON', 'Bay Corridor rental comp', 'dummy-seed.sql', now() - interval '2 hours'),
('794d4c3f-fb06-44cd-bdd9-ebf8aa120e13', '35 Liberty St, Toronto, ON M6K 1A9', 'Low-Rise Apartment', 'Toronto', '1975', '4', '18', '2520', '3.99', '4950000', '16920', '11', 'Hydronic baseboard', 'Central', 'No', 'ON', 'Liberty Village rental comp', 'dummy-seed.sql', now() - interval '3 hours'),
('1337a899-e475-4b87-a0c8-1ba4842dc464', '500 Dupont St, Toronto, ON M6G 1Y7', 'Low-Rise Apartment', 'Toronto', '2001', '3', '8', '2886', '4.07', '2944000', '6168', '5', 'Hydronic baseboard', 'None', 'No', 'ON', 'Annex rental comp', 'dummy-seed.sql', now() - interval '4 hours'),
('53f8529d-113c-49fe-86f6-b8e38dcced36', '77 Roehampton Ave, Toronto, ON M4P 1P9', 'Mid-Rise Apartment', 'Toronto', '1979', '6', '49', '2897', '4.84', '20678000', '41111', '29', 'Electric baseboard', 'Heat pump', 'Yes', 'ON', 'Midtown rental comp', 'dummy-seed.sql', now() - interval '5 hours'),
('adf6f6be-8052-443d-ae8b-f8b302db4df4', '2200 Lake Shore Blvd W, Toronto, ON M8V 1A4', 'Low-Rise Apartment', 'Toronto', '2018', '4', '17', '2824', '4.38', '5916000', '15130', '10', 'Hydronic baseboard', 'Central', 'No', 'ON', 'Humber Bay rental comp', 'dummy-seed.sql', now() - interval '6 hours'),
('199ed4b4-b80d-4847-b98e-155cff17436a', '18 Erskine Ave, Toronto, ON M4P 0C9', 'Mid-Rise Apartment', 'Toronto', '1967', '8', '77', '2703', '5.1', '20251000', '61677', '37', 'Heat pump', 'Heat pump', 'Yes', 'ON', 'Yonge-Eglinton rental comp', 'dummy-seed.sql', now() - interval '7 hours'),
('d79ebabe-7ffe-46df-a041-6d4d925f6984', '650 Queens Quay W, Toronto, ON M5V 3N2', 'Low-Rise Apartment', 'Toronto', '2020', '4', '14', '2705', '3.71', '4480000', '9926', '5', 'Heat pump', 'Wall units', 'No', 'ON', 'Harbourfront rental comp', 'dummy-seed.sql', now() - interval '8 hours'),
('42a3770c-28af-4a97-b26a-7ef1df269de2', '120 Homewood Ave, Toronto, ON M4Y 2J3', 'Purpose-Built Rental', 'Toronto', '2011', '18', '186', '2883', '4.17', '57102000', '164052', '86', 'Heat pump', 'None', 'Yes', 'ON', 'Cabbagetown rental comp', 'dummy-seed.sql', now() - interval '9 hours'),
('4552cafa-a691-4c4c-a049-67c4b3796e7c', '40 Pleasant Blvd, Toronto, ON M4T 1J9', 'High-Rise Apartment', 'Toronto', '2014', '24', '305', '2717', '4.14', '124745000', '223565', '265', 'Electric baseboard', 'Central', 'Yes', 'ON', 'Summerhill rental comp', 'dummy-seed.sql', now() - interval '10 hours'),
('a90bac06-0446-4b73-ab45-898c6278cabc', '225 Wellesley St E, Toronto, ON M4X 1X8', 'Low-Rise Apartment', 'Toronto', '1964', '3', '11', '2939', '3.84', '3377000', '8382', '8', 'Heat pump', 'Central', 'No', 'ON', 'St. James Town rental comp', 'dummy-seed.sql', now() - interval '11 hours'),
('15579309-d8af-4551-8c81-479c76afdbcc', '3018 Yonge St, Toronto, ON M4N 2K4', 'High-Rise Apartment', 'Toronto', '1989', '18', '239', '2308', '5.27', '71700000', '182357', '212', 'Heat pump', 'Central', 'Yes', 'ON', 'Lawrence Park rental comp', 'dummy-seed.sql', now() - interval '12 hours'),
('0012e509-052b-4a7d-a598-56d09aa50ac2', '155 Balliol St, Toronto, ON M4S 1C4', 'Mid-Rise Apartment', 'Toronto', '2016', '6', '55', '2825', '3.95', '17820000', '45210', '45', 'Electric baseboard', 'None', 'Yes', 'ON', 'Davisville rental comp', 'dummy-seed.sql', now() - interval '13 hours'),
('7baf9b30-639c-43b2-a70b-b992c10f6570', '60 Tyndall Ave, Toronto, ON M6K 2E1', 'Mid-Rise Apartment', 'Toronto', '1983', '6', '60', '2829', '5.13', '25440000', '49980', '39', 'Heat pump', 'None', 'Yes', 'ON', 'Parkdale rental comp', 'dummy-seed.sql', now() - interval '14 hours'),
('8e0435d1-c515-4f46-a3a7-5117dbcfa2a2', '8 Park Rd, Toronto, ON M4W 3S5', 'Mid-Rise Apartment', 'Toronto', '2023', '8', '85', '2440', '4.53', '34170000', '72335', '37', 'Forced air gas', 'None', 'Yes', 'ON', 'Rosedale rental comp', 'dummy-seed.sql', now() - interval '15 hours'),
('554f5e5e-670b-406e-88f0-d81b362d5a06', '1603 Eglinton Ave W, Toronto, ON M6E 2G9', 'High-Rise Apartment', 'Toronto', '1976', '18', '259', '2374', '3.92', '108262000', '237503', '110', 'Hydronic baseboard', 'Heat pump', 'Yes', 'ON', 'Oakwood rental comp', 'dummy-seed.sql', now() - interval '16 hours'),
('7cdf9d90-2cf2-4679-8c47-a44b161d060c', '111 Lawton Blvd, Toronto, ON M4V 1Z6', 'High-Rise Apartment', 'Toronto', '1978', '18', '241', '2934', '5.0', '87724000', '193282', '129', 'Electric baseboard', 'Wall units', 'Yes', 'ON', 'Deer Park rental comp', 'dummy-seed.sql', now() - interval '17 hours'),
('4933ec2c-13ec-48ec-a374-b33aacb710c1', '2515 Bathurst St, Toronto, ON M6B 2Z1', 'Purpose-Built Rental', 'Toronto', '1960', '24', '258', '2921', '4.3', '89526000', '204336', '166', 'Heat pump', 'Heat pump', 'Yes', 'ON', 'Forest Hill North rental comp', 'dummy-seed.sql', now() - interval '18 hours'),
('ec5f6ce3-c516-44c7-a769-2b232d4b1993', '445 Logan Ave, Toronto, ON M4M 2P2', 'Low-Rise Apartment', 'Toronto', '2012', '4', '17', '2366', '4.42', '5542000', '14858', '9', 'Heat pump', 'None', 'No', 'ON', 'Riverdale rental comp', 'dummy-seed.sql', now() - interval '19 hours'),
('47b48e45-5d97-4589-bffe-8836e7f02b70', '95 Prince Arthur Ave, Toronto, ON M5R 3P6', 'High-Rise Apartment', 'Toronto', '2018', '18', '249', '2935', '4.26', '98355000', '183762', '196', 'Electric baseboard', 'Central', 'Yes', 'ON', 'Annex rental comp', 'dummy-seed.sql', now() - interval '20 hours'),
('db78cf91-258e-4dbe-b5a8-d87a9137fffb', '725 Don Mills Rd, North York, ON M3C 1S6', 'Purpose-Built Rental', 'Toronto', '2016', '18', '243', '2780', '5.05', '91611000', '225261', '153', 'Electric baseboard', 'Wall units', 'Yes', 'ON', 'Flemingdon Park rental comp', 'dummy-seed.sql', now() - interval '21 hours'),
('71295089-0ffc-4547-a478-284f01368227', '5 Massey Sq, East York, ON M4C 5L6', 'Mid-Rise Apartment', 'Toronto', '1991', '6', '49', '2679', '5.31', '12789000', '39347', '37', 'Heat pump', 'Wall units', 'Yes', 'ON', 'Crescent Town rental comp', 'dummy-seed.sql', now() - interval '22 hours'),
('b1489e02-262b-4890-a992-833130fd5669', '100 Antibes Dr, North York, ON M2R 3N1', 'Low-Rise Apartment', 'Toronto', '1998', '3', '11', '2906', '4.47', '4675000', '9064', '9', 'Forced air gas', 'None', 'No', 'ON', 'Westminster rental comp', 'dummy-seed.sql', now() - interval '23 hours'),
('e5549883-bdb3-4f80-be24-8472c8cadbb9', '20 Edgecliff Gate, North York, ON M3C 3A4', 'Mid-Rise Apartment', 'Toronto', '1994', '8', '65', '2639', '3.81', '16640000', '57525', '41', 'Hydronic baseboard', 'Wall units', 'Yes', 'ON', 'Thorncliffe rental comp', 'dummy-seed.sql', now() - interval '24 hours'),
('7b7628c0-d5ce-46ac-8c88-d09b74f1f512', '2737 Kipling Ave, Etobicoke, ON M9V 4C1', 'Mid-Rise Apartment', 'Toronto', '2014', '6', '43', '2251', '5.31', '12599000', '33884', '22', 'Hydronic baseboard', 'Wall units', 'Yes', 'ON', 'Rexdale rental comp', 'dummy-seed.sql', now() - interval '25 hours'),
('dfb80fa9-7ba0-4160-87d9-db151347029f', '1350 Danforth Rd, Scarborough, ON M1J 1E8', 'Low-Rise Apartment', 'Toronto', '2016', '3', '11', '2707', '4.0', '3058000', '8976', '8', 'Hydronic baseboard', 'Central', 'No', 'ON', 'Eglinton East rental comp', 'dummy-seed.sql', now() - interval '26 hours'),
('bc02df20-eed8-4e7e-9de2-dc29eac55e4b', '30 Gloucester St, Toronto, ON M4Y 1L6', 'Purpose-Built Rental', 'Toronto', '1968', '12', '131', '2176', '3.76', '53972000', '90390', '117', 'Hydronic baseboard', 'Wall units', 'Yes', 'ON', 'Church-Wellesley rental comp', 'dummy-seed.sql', now() - interval '27 hours'),
('19842cb7-52cb-42bd-823c-c207524e4df5', '206 St George St, Toronto, ON M5R 2N6', 'Purpose-Built Rental', 'Toronto', '2009', '24', '252', '2481', '3.81', '86436000', '171360', '183', 'Heat pump', 'Central', 'Yes', 'ON', 'Annex rental comp', 'dummy-seed.sql', now() - interval '28 hours'),
('3a3fc7d9-af5c-4553-ac17-7442077b72c7', '31 Alexander St, Toronto, ON M4Y 1B2', 'High-Rise Apartment', 'Toronto', '1988', '18', '212', '2380', '5.39', '57028000', '194192', '185', 'Heat pump', 'None', 'Yes', 'ON', 'Church-Wellesley rental comp', 'dummy-seed.sql', now() - interval '29 hours');

INSERT INTO unit (property_id, unit_number, unit_type, beds, baths, sqft, lease_rate, move_in, move_out, source_file, uploaded_at) VALUES
('ab656f78-3a03-4be4-a0bf-fcae88f86e8a', '301', '1B1B', '1', '1', 579, 2615, '2026-06-01', NULL, 'dummy-seed.sql', now() - interval '0 hours'),
('ab656f78-3a03-4be4-a0bf-fcae88f86e8a', '208', '3B2B', '3', '2', 1264, 3725, '2025-09-01', '2026-09-01', 'dummy-seed.sql', now() - interval '0 hours'),
('8c47874b-f605-4da2-9cb3-b590977a6c8a', '1801', '2B1B', '2', '1', 711, 3070, '2026-01-01', NULL, 'dummy-seed.sql', now() - interval '1 hours'),
('8c47874b-f605-4da2-9cb3-b590977a6c8a', '1902', '2B1B', '2', '1', 860, 2970, '2025-03-01', NULL, 'dummy-seed.sql', now() - interval '1 hours'),
('8c47874b-f605-4da2-9cb3-b590977a6c8a', '302', '1B1B', '1', '1', 717, 2395, '2025-04-01', NULL, 'dummy-seed.sql', now() - interval '1 hours'),
('8c47874b-f605-4da2-9cb3-b590977a6c8a', '603', '2B2B', '2', '2', 1012, 3275, '2025-12-01', NULL, 'dummy-seed.sql', now() - interval '1 hours'),
('abad1ac0-b989-497f-ace9-d75fde7acd63', '901', 'Studio', '0', '1', 460, 1955, '2025-07-01', '2026-07-01', 'dummy-seed.sql', now() - interval '2 hours'),
('abad1ac0-b989-497f-ace9-d75fde7acd63', '1605', '3B2B', '3', '2', 1211, 3715, '2026-03-01', NULL, 'dummy-seed.sql', now() - interval '2 hours'),
('794d4c3f-fb06-44cd-bdd9-ebf8aa120e13', '105', '1B1B', '1', '1', 694, 2530, '2026-01-01', NULL, 'dummy-seed.sql', now() - interval '3 hours'),
('794d4c3f-fb06-44cd-bdd9-ebf8aa120e13', '101', '2B2B', '2', '2', 985, 3155, '2026-06-01', '2027-06-01', 'dummy-seed.sql', now() - interval '3 hours'),
('1337a899-e475-4b87-a0c8-1ba4842dc464', '103', '3B2B', '3', '2', 1361, 3705, '2025-06-01', NULL, 'dummy-seed.sql', now() - interval '4 hours'),
('1337a899-e475-4b87-a0c8-1ba4842dc464', '205', '3B2B', '3', '2', 1050, 4115, '2025-01-01', NULL, 'dummy-seed.sql', now() - interval '4 hours'),
('1337a899-e475-4b87-a0c8-1ba4842dc464', '102', '2B1B', '2', '1', 778, 2845, '2025-03-01', NULL, 'dummy-seed.sql', now() - interval '4 hours'),
('1337a899-e475-4b87-a0c8-1ba4842dc464', '302', '2B2B', '2', '2', 1058, 2970, '2025-05-01', NULL, 'dummy-seed.sql', now() - interval '4 hours'),
('53f8529d-113c-49fe-86f6-b8e38dcced36', '201', '2B2B', '2', '2', 880, 3155, '2025-11-01', NULL, 'dummy-seed.sql', now() - interval '5 hours'),
('53f8529d-113c-49fe-86f6-b8e38dcced36', '201', '3B2B', '3', '2', 1167, 4100, '2025-03-01', '2026-03-01', 'dummy-seed.sql', now() - interval '5 hours'),
('53f8529d-113c-49fe-86f6-b8e38dcced36', '103', 'Studio', '0', '1', 438, 1785, '2025-03-01', NULL, 'dummy-seed.sql', now() - interval '5 hours'),
('53f8529d-113c-49fe-86f6-b8e38dcced36', '208', '2B1B', '2', '1', 871, 3095, '2025-05-01', '2026-05-01', 'dummy-seed.sql', now() - interval '5 hours'),
('adf6f6be-8052-443d-ae8b-f8b302db4df4', '102', '2B2B', '2', '2', 1036, 3245, '2025-07-01', NULL, 'dummy-seed.sql', now() - interval '6 hours'),
('adf6f6be-8052-443d-ae8b-f8b302db4df4', '203', '2B2B', '2', '2', 885, 3330, '2026-03-01', NULL, 'dummy-seed.sql', now() - interval '6 hours'),
('199ed4b4-b80d-4847-b98e-155cff17436a', '305', '2B2B', '2', '2', 1081, 2960, '2025-01-01', '2026-01-01', 'dummy-seed.sql', now() - interval '7 hours'),
('199ed4b4-b80d-4847-b98e-155cff17436a', '505', '2B1B', '2', '1', 900, 3065, '2026-06-01', NULL, 'dummy-seed.sql', now() - interval '7 hours'),
('d79ebabe-7ffe-46df-a041-6d4d925f6984', '201', '3B2B', '3', '2', 1091, 4370, '2025-03-01', NULL, 'dummy-seed.sql', now() - interval '8 hours'),
('d79ebabe-7ffe-46df-a041-6d4d925f6984', '208', '1B1B', '1', '1', 623, 2220, '2025-02-01', NULL, 'dummy-seed.sql', now() - interval '8 hours'),
('42a3770c-28af-4a97-b26a-7ef1df269de2', '401', 'Studio', '0', '1', 497, 2070, '2026-06-01', NULL, 'dummy-seed.sql', now() - interval '9 hours'),
('42a3770c-28af-4a97-b26a-7ef1df269de2', '302', '2B1B', '2', '1', 733, 2955, '2025-12-01', NULL, 'dummy-seed.sql', now() - interval '9 hours'),
('4552cafa-a691-4c4c-a049-67c4b3796e7c', '1008', '3B2B', '3', '2', 1129, 3780, '2025-07-01', '2026-07-01', 'dummy-seed.sql', now() - interval '10 hours'),
('4552cafa-a691-4c4c-a049-67c4b3796e7c', '1705', '1B1B', '1', '1', 695, 2370, '2025-09-01', '2026-09-01', 'dummy-seed.sql', now() - interval '10 hours'),
('a90bac06-0446-4b73-ab45-898c6278cabc', '103', 'Studio', '0', '1', 418, 2030, '2026-06-01', NULL, 'dummy-seed.sql', now() - interval '11 hours'),
('a90bac06-0446-4b73-ab45-898c6278cabc', '201', '1B1B', '1', '1', 530, 2415, '2025-12-01', NULL, 'dummy-seed.sql', now() - interval '11 hours'),
('15579309-d8af-4551-8c81-479c76afdbcc', '803', '2B1B', '2', '1', 900, 3020, '2025-06-01', '2026-06-01', 'dummy-seed.sql', now() - interval '12 hours'),
('15579309-d8af-4551-8c81-479c76afdbcc', '1602', 'Studio', '0', '1', 477, 1770, '2025-07-01', '2026-07-01', 'dummy-seed.sql', now() - interval '12 hours'),
('0012e509-052b-4a7d-a598-56d09aa50ac2', '503', '3B2B', '3', '2', 1254, 4195, '2025-01-01', NULL, 'dummy-seed.sql', now() - interval '13 hours'),
('0012e509-052b-4a7d-a598-56d09aa50ac2', '301', '2B1B', '2', '1', 745, 3195, '2025-04-01', NULL, 'dummy-seed.sql', now() - interval '13 hours'),
('0012e509-052b-4a7d-a598-56d09aa50ac2', '408', '2B1B', '2', '1', 886, 2920, '2026-05-01', NULL, 'dummy-seed.sql', now() - interval '13 hours'),
('0012e509-052b-4a7d-a598-56d09aa50ac2', '105', '3B2B', '3', '2', 1147, 3760, '2025-01-01', NULL, 'dummy-seed.sql', now() - interval '13 hours'),
('7baf9b30-639c-43b2-a70b-b992c10f6570', '205', '2B1B', '2', '1', 841, 2730, '2026-01-01', NULL, 'dummy-seed.sql', now() - interval '14 hours'),
('7baf9b30-639c-43b2-a70b-b992c10f6570', '408', '1B1B', '1', '1', 677, 2410, '2025-01-01', NULL, 'dummy-seed.sql', now() - interval '14 hours'),
('7baf9b30-639c-43b2-a70b-b992c10f6570', '405', '1B1B', '1', '1', 630, 2430, '2026-03-01', NULL, 'dummy-seed.sql', now() - interval '14 hours'),
('8e0435d1-c515-4f46-a3a7-5117dbcfa2a2', '102', '1B1B', '1', '1', 557, 2125, '2026-04-01', NULL, 'dummy-seed.sql', now() - interval '15 hours'),
('8e0435d1-c515-4f46-a3a7-5117dbcfa2a2', '405', 'Studio', '0', '1', 496, 1960, '2026-04-01', NULL, 'dummy-seed.sql', now() - interval '15 hours'),
('554f5e5e-670b-406e-88f0-d81b362d5a06', '1808', '2B2B', '2', '2', 1020, 3445, '2025-11-01', '2026-11-01', 'dummy-seed.sql', now() - interval '16 hours'),
('554f5e5e-670b-406e-88f0-d81b362d5a06', '1705', '2B2B', '2', '2', 1006, 3635, '2026-06-01', NULL, 'dummy-seed.sql', now() - interval '16 hours'),
('7cdf9d90-2cf2-4679-8c47-a44b161d060c', '302', '2B1B', '2', '1', 781, 3155, '2025-05-01', NULL, 'dummy-seed.sql', now() - interval '17 hours'),
('7cdf9d90-2cf2-4679-8c47-a44b161d060c', '305', '1B1B', '1', '1', 700, 2320, '2026-02-01', NULL, 'dummy-seed.sql', now() - interval '17 hours'),
('7cdf9d90-2cf2-4679-8c47-a44b161d060c', '705', '2B2B', '2', '2', 956, 2965, '2026-01-01', '2027-01-01', 'dummy-seed.sql', now() - interval '17 hours'),
('4933ec2c-13ec-48ec-a374-b33aacb710c1', '2205', '2B2B', '2', '2', 936, 3585, '2025-06-01', '2026-06-01', 'dummy-seed.sql', now() - interval '18 hours'),
('4933ec2c-13ec-48ec-a374-b33aacb710c1', '105', '1B1B', '1', '1', 679, 2645, '2025-01-01', NULL, 'dummy-seed.sql', now() - interval '18 hours'),
('ec5f6ce3-c516-44c7-a769-2b232d4b1993', '103', '2B2B', '2', '2', 854, 3665, '2025-08-01', NULL, 'dummy-seed.sql', now() - interval '19 hours'),
('ec5f6ce3-c516-44c7-a769-2b232d4b1993', '201', 'Studio', '0', '1', 387, 1875, '2025-05-01', NULL, 'dummy-seed.sql', now() - interval '19 hours'),
('47b48e45-5d97-4589-bffe-8836e7f02b70', '1305', 'Studio', '0', '1', 459, 2045, '2025-07-01', NULL, 'dummy-seed.sql', now() - interval '20 hours'),
('47b48e45-5d97-4589-bffe-8836e7f02b70', '408', '1B1B', '1', '1', 546, 2410, '2025-02-01', NULL, 'dummy-seed.sql', now() - interval '20 hours'),
('47b48e45-5d97-4589-bffe-8836e7f02b70', '308', '2B2B', '2', '2', 1019, 3280, '2025-11-01', NULL, 'dummy-seed.sql', now() - interval '20 hours'),
('47b48e45-5d97-4589-bffe-8836e7f02b70', '405', '2B2B', '2', '2', 1060, 3400, '2025-12-01', NULL, 'dummy-seed.sql', now() - interval '20 hours'),
('db78cf91-258e-4dbe-b5a8-d87a9137fffb', '1508', '2B1B', '2', '1', 815, 2850, '2026-01-01', NULL, 'dummy-seed.sql', now() - interval '21 hours'),
('db78cf91-258e-4dbe-b5a8-d87a9137fffb', '605', '2B2B', '2', '2', 1067, 3230, '2025-07-01', NULL, 'dummy-seed.sql', now() - interval '21 hours'),
('71295089-0ffc-4547-a478-284f01368227', '405', '2B2B', '2', '2', 1015, 3630, '2025-01-01', NULL, 'dummy-seed.sql', now() - interval '22 hours'),
('71295089-0ffc-4547-a478-284f01368227', '308', '1B1B', '1', '1', 623, 2350, '2025-12-01', NULL, 'dummy-seed.sql', now() - interval '22 hours'),
('71295089-0ffc-4547-a478-284f01368227', '608', '3B2B', '3', '2', 1226, 3935, '2025-11-01', NULL, 'dummy-seed.sql', now() - interval '22 hours'),
('71295089-0ffc-4547-a478-284f01368227', '302', '2B2B', '2', '2', 919, 3215, '2025-04-01', '2026-04-01', 'dummy-seed.sql', now() - interval '22 hours'),
('b1489e02-262b-4890-a992-833130fd5669', '108', '2B1B', '2', '1', 745, 2910, '2025-05-01', NULL, 'dummy-seed.sql', now() - interval '23 hours'),
('b1489e02-262b-4890-a992-833130fd5669', '105', 'Studio', '0', '1', 454, 2105, '2025-04-01', '2026-04-01', 'dummy-seed.sql', now() - interval '23 hours'),
('e5549883-bdb3-4f80-be24-8472c8cadbb9', '401', '3B2B', '3', '2', 1205, 3585, '2026-06-01', '2027-06-01', 'dummy-seed.sql', now() - interval '24 hours'),
('e5549883-bdb3-4f80-be24-8472c8cadbb9', '408', '3B2B', '3', '2', 1355, 4310, '2026-01-01', NULL, 'dummy-seed.sql', now() - interval '24 hours'),
('7b7628c0-d5ce-46ac-8c88-d09b74f1f512', '201', '1B1B', '1', '1', 661, 2175, '2026-02-01', NULL, 'dummy-seed.sql', now() - interval '25 hours'),
('7b7628c0-d5ce-46ac-8c88-d09b74f1f512', '102', '3B2B', '3', '2', 1290, 3800, '2025-10-01', '2026-10-01', 'dummy-seed.sql', now() - interval '25 hours'),
('dfb80fa9-7ba0-4160-87d9-db151347029f', '205', '2B1B', '2', '1', 852, 3180, '2025-04-01', NULL, 'dummy-seed.sql', now() - interval '26 hours'),
('dfb80fa9-7ba0-4160-87d9-db151347029f', '208', '2B1B', '2', '1', 879, 3010, '2026-06-01', NULL, 'dummy-seed.sql', now() - interval '26 hours'),
('bc02df20-eed8-4e7e-9de2-dc29eac55e4b', '502', '3B2B', '3', '2', 1383, 3950, '2026-02-01', NULL, 'dummy-seed.sql', now() - interval '27 hours'),
('bc02df20-eed8-4e7e-9de2-dc29eac55e4b', '803', '2B2B', '2', '2', 1098, 2995, '2026-02-01', NULL, 'dummy-seed.sql', now() - interval '27 hours'),
('bc02df20-eed8-4e7e-9de2-dc29eac55e4b', '705', 'Studio', '0', '1', 421, 1920, '2025-10-01', NULL, 'dummy-seed.sql', now() - interval '27 hours'),
('19842cb7-52cb-42bd-823c-c207524e4df5', '1605', '3B2B', '3', '2', 1235, 4135, '2025-02-01', NULL, 'dummy-seed.sql', now() - interval '28 hours'),
('19842cb7-52cb-42bd-823c-c207524e4df5', '1505', '3B2B', '3', '2', 1117, 3795, '2025-04-01', NULL, 'dummy-seed.sql', now() - interval '28 hours'),
('3a3fc7d9-af5c-4553-ac17-7442077b72c7', '1602', '2B1B', '2', '1', 806, 3095, '2026-03-01', NULL, 'dummy-seed.sql', now() - interval '29 hours'),
('3a3fc7d9-af5c-4553-ac17-7442077b72c7', '1702', '2B2B', '2', '2', 898, 3515, '2025-03-01', NULL, 'dummy-seed.sql', now() - interval '29 hours'),
('3a3fc7d9-af5c-4553-ac17-7442077b72c7', '901', '2B2B', '2', '2', 937, 3420, '2025-10-01', '2026-10-01', 'dummy-seed.sql', now() - interval '29 hours'),
('3a3fc7d9-af5c-4553-ac17-7442077b72c7', '1602', '3B2B', '3', '2', 1346, 4175, '2026-03-01', NULL, 'dummy-seed.sql', now() - interval '29 hours');

-- ─── dummy CMHC loans (12 Ontario deals; remove with: DELETE FROM cmhc_loans WHERE loan_number LIKE 'D9%') ───
INSERT INTO cmhc_loans (loan_number, loan_name, address, city, province, region, asset_type, year_built, funding_date, units, gross_loan, net_loan, ltv_net, ltv_gross, residential_ks_value, ks_value_per_unit, cap_rate, noi, egi, operating_expenses, opex_ratio, opex_per_unit, dsc_net, dsc_gross, property_tax, insurance, utilities, bachelor_rent_market, bachelor_rent_affordable, bed1_rent_market, bed1_rent_affordable, bed2_rent_market, bed2_rent_affordable, bed3_rent_market, bed3_rent_affordable, comments) VALUES
('D9001', '248 Main St, Toronto', '248 Main St', 'Toronto', 'ON', 'GTA', 'Residential', 2002, '2025-04-02', 106, 14186516, 13875506, 0.587, 0.578, 23638000, 223000, 0.0499, 1179536, 1875255, 695719, 0.371, 6563, 1.44, 1.36, 209572, 46166, 157489, 1094, 875, 1329, 1063, 1608, 1286, 1871, 1496, 'Dummy seed loan'),
('D9002', '528 King St E, Guelph', '528 King St E', 'Guelph', 'ON', 'Southwestern Ontario', 'Residential/Retail', 2005, '2022-02-19', 35, 8429815, 8148840, 0.712, 0.699, 11445000, 327000, 0.0401, 458944, 733137, 274193, 0.374, 7834, 1.3, 1.21, 65296, 17824, 39093, 1342, 1073, 1671, 1336, 2098, 1678, 2585, 2068, 'Dummy seed loan'),
('D9003', '60 Wellington Rd, Hamilton', '60 Wellington Rd', 'Hamilton', 'ON', 'GTA West', 'Residential/Retail', 2004, '2024-05-20', 87, 13877883, 13444893, 0.669, 0.644, 20097000, 231000, 0.0463, 930491, 1612636, 682145, 0.423, 7840, 1.59, 1.44, 190451, 43027, 96054, 1087, 869, 1269, 1015, 1602, 1281, 2024, 1619, 'Dummy seed loan'),
('D9004', '704 Princess St, Ottawa', '704 Princess St', 'Ottawa', 'ON', 'Eastern Ontario', 'Residential', 1984, '2021-01-24', 113, 24781004, 23381734, 0.614, 0.59, 38081000, 337000, 0.039, 1485159, 2361143, 875984, 0.371, 7752, 1.28, 1.15, 177189, 44792, 105697, 1409, 1127, 1685, 1348, 2168, 1734, 2714, 2171, 'Dummy seed loan'),
('D9005', '719 Dundas St W, London', '719 Dundas St W', 'London', 'ON', 'Southwestern Ontario', 'Residential', 2018, '2024-09-09', 97, 14930950, 14358134, 0.679, 0.662, 21146000, 218000, 0.0513, 1084789, 1870325, 785536, 0.42, 8098, 1.23, 1.07, 143849, 38914, 125625, 1502, 1201, 1758, 1406, 2223, 1778, 2739, 2191, 'Dummy seed loan'),
('D9006', '487 Victoria Ave, Kitchener', '487 Victoria Ave', 'Kitchener', 'ON', 'Southwestern Ontario', 'Residential', 2019, '2025-10-11', 27, 6044490, 5873472, 0.704, 0.7, 8343000, 309000, 0.0421, 351240, 563788, 212548, 0.377, 7872, 1.42, 1.34, 56175, 12374, 30748, 1537, 1229, 1796, 1436, 2386, 1908, 3083, 2466, 'Dummy seed loan'),
('D9007', '92 Bayfield St, Mississauga', '92 Bayfield St', 'Mississauga', 'ON', 'GTA', 'Residential', 2017, '2021-06-20', 124, 16598794, 15960040, 0.61, 0.591, 26164000, 211000, 0.0408, 1067491, 2045001, 977510, 0.478, 7883, 1.37, 1.22, 252266, 63706, 156409, 1076, 860, 1253, 1002, 1610, 1288, 1981, 1584, 'Dummy seed loan'),
('D9008', '560 Ouellette Ave, Kingston', '560 Ouellette Ave', 'Kingston', 'ON', 'Eastern Ontario', 'Residential', 1985, '2022-02-24', 145, 16715175, 16004520, 0.511, 0.494, 31320000, 216000, 0.0522, 1634904, 2809113, 1174209, 0.418, 8097, 1.31, 1.18, 206921, 65820, 215629, 1225, 980, 1544, 1235, 1963, 1570, 2461, 1968, 'Dummy seed loan'),
('D9009', '777 Simcoe St N, Barrie', '777 Simcoe St N', 'Barrie', 'ON', 'Central Ontario', 'Residential/Retail', 2013, '2025-06-21', 47, 7792579, 7314140, 0.62, 0.601, 11797000, 251000, 0.0432, 509630, 831370, 321740, 0.387, 6845, 1.42, 1.28, 82511, 18050, 43087, 1164, 931, 1445, 1156, 1904, 1523, 2406, 1924, 'Dummy seed loan'),
('D9010', '510 Queenston Rd, Windsor', '510 Queenston Rd', 'Windsor', 'ON', 'Southwestern Ontario', 'Residential', 2020, '2023-06-03', 95, 16806785, 15936250, 0.55, 0.542, 28975000, 305000, 0.0519, 1503802, 2566215, 1062413, 0.414, 11183, 1.62, 1.51, 141053, 44885, 137357, 1162, 929, 1354, 1083, 1720, 1376, 2065, 1652, 'Dummy seed loan'),
('D9011', '845 Gordon St, Oshawa', '845 Gordon St', 'Oshawa', 'ON', 'GTA East', 'Residential/Retail', 2003, '2024-08-13', 75, 17269240, 16578000, 0.72, 0.695, 23025000, 307000, 0.0472, 1086780, 1725047, 638267, 0.37, 8510, 1.62, 1.51, 178522, 35401, 83268, 1430, 1144, 1847, 1477, 2417, 1933, 2841, 2272, 'Dummy seed loan'),
('D9012', '802 Lakeshore Rd, St. Catharines', '802 Lakeshore Rd', 'St. Catharines', 'ON', 'Niagara', 'Residential', 1999, '2022-07-28', 164, 28018038, 27449500, 0.515, 0.501, 53300000, 325000, 0.0521, 2776930, 4941156, 2164226, 0.438, 13196, 1.41, 1.28, 366407, 63718, 220408, 1149, 919, 1463, 1170, 1801, 1440, 2139, 1711, 'Dummy seed loan');
